<?xml version="1.0" encoding="UTF-8" ?>
<!DOCTYPE struts PUBLIC
"-//Apache Software Foundation//DTD Struts Configuration 2.0//EN"
"http://struts.apache.org/dtds/struts-2.0.dtd">
 
<struts>
	
	  <constant name="struts.action.extension" value="xhtml,,xml,json,action"/>
	  
	  <constant name="struts.mapper.class" value="org.apache.struts2.dispatcher.mapper.PrefixBasedActionMapper" />
 	 <constant name="struts.mapper.prefixMapping" value="/rest:rest,:struts"/>
  	<constant name="struts.actionProxyFactory" value="prefix"/>
  
	<constant name="struts.convention.action.suffix" value="Controller"/>
    <constant name="struts.convention.action.mapAllMatches" value="true"/>
    <constant name="struts.convention.default.parent.package" value="rest-default"/>
    <constant name="struts.convention.package.locators" value="action"/>
    
	<package name="user" namespace="/User" extends="struts-default">
		<action name="Login">
			<result>pages/login.jsp</result>
		</action>
		<action name="Welcome" class="com.mkyong.user.action.WelcomeUserAction">
			<result name="SUCCESS">pages/welcome_user.jsp</result>
		</action>
		<action name="test" class="com.mkyong.user.action.testController">
			<result name="SUCCESS">pages/welcome_user.jsp</result>
		</action>
	</package>
	
</struts>